size,AD,STower
sparse,2.3895536642148534e-4,9.8824423393038e-6
x + d,2.6432255019038825e-4,2.430032178030748e-5
dense,6.023732878611342e-4,1.576534943143528e-4
