size,AD,STower
sparse,2.3599468446300378e-4,9.497246471590539e-6
x + d,2.597594052114403e-4,1.8671778635207367e-5
dense,4.928373846762975e-4,7.310413829197552e-5
