size,AD,STower
sparse,2.5600726439509164e-4,2.757625306226337e-5
x + d,3.2347711783162984e-4,5.592957944312642e-5
dense,1.3778857065499266e-3,4.036007428581708e-4
